Country Name,Country_Code,Indicator Name,Indicator Code,year,GDP_capita
Aruba,ABW,"GDP per capita, PPP (constant 2011 international $)",NY.GDP.PCAP.PP.KD,,36015.07046
Andorra,AND,"GDP per capita, PPP (constant 2011 international $)",NY.GDP.PCAP.PP.KD,,
Angola,AGO,"GDP per capita, PPP (constant 2011 international $)",NY.GDP.PCAP.PP.KD,,6949.021848
Albania,ALB,"GDP per capita, PPP (constant 2011 international $)",NY.GDP.PCAP.PP.KD,,9640.130812
Arab World,ARB,"GDP per capita, PPP (constant 2011 international $)",NY.GDP.PCAP.PP.KD,,14579.14701
Qatar,QAT,"GDP per capita, PPP (constant 2011 international $)",NY.GDP.PCAP.PP.KD,2011,134117.4309
Argentina,ARG,"GDP per capita, PPP (constant 2011 international $)",NY.GDP.PCAP.PP.KD,,
Armenia,ARM,"GDP per capita, PPP (constant 2011 international $)",NY.GDP.PCAP.PP.KD,,6803.482997
American Samoa,ASM,"GDP per capita, PPP (constant 2011 international $)",NY.GDP.PCAP.PP.KD,,
Antigua and Barbuda,ATG,"GDP per capita, PPP (constant 2011 international $)",NY.GDP.PCAP.PP.KD,,19987.92414
Australia,AUS,"GDP per capita, PPP (constant 2011 international $)",NY.GDP.PCAP.PP.KD,,41763.11851
Austria,AUT,"GDP per capita, PPP (constant 2011 international $)",NY.GDP.PCAP.PP.KD,,44022.39527
Azerbaijan,AZE,"GDP per capita, PPP (constant 2011 international $)",NY.GDP.PCAP.PP.KD,,15754.15236
Burundi,BDI,"GDP per capita, PPP (constant 2011 international $)",NY.GDP.PCAP.PP.KD,,712.6704834
Belgium,BEL,"GDP per capita, PPP (constant 2011 international $)",NY.GDP.PCAP.PP.KD,,40858.72517
Benin,BEN,"GDP per capita, PPP (constant 2011 international $)",NY.GDP.PCAP.PP.KD,,1761.574331
Burkina Faso,BFA,"GDP per capita, PPP (constant 2011 international $)",NY.GDP.PCAP.PP.KD,,1470.435184
Bangladesh,BGD,"GDP per capita, PPP (constant 2011 international $)",NY.GDP.PCAP.PP.KD,,2579.335048
Bulgaria,BGR,"GDP per capita, PPP (constant 2011 international $)",NY.GDP.PCAP.PP.KD,,15603.0255
Bahrain,BHR,"GDP per capita, PPP (constant 2011 international $)",NY.GDP.PCAP.PP.KD,,39676.71702
"Bahamas, The",BHS,"GDP per capita, PPP (constant 2011 international $)",NY.GDP.PCAP.PP.KD,,22665.16756
Bosnia and Herzegovina,BIH,"GDP per capita, PPP (constant 2011 international $)",NY.GDP.PCAP.PP.KD,,9265.015888
Belarus,BLR,"GDP per capita, PPP (constant 2011 international $)",NY.GDP.PCAP.PP.KD,,16603.38953
Belize,BLZ,"GDP per capita, PPP (constant 2011 international $)",NY.GDP.PCAP.PP.KD,,7857.224198
Bermuda,BMU,"GDP per capita, PPP (constant 2011 international $)",NY.GDP.PCAP.PP.KD,,54984.51039
Bolivia,BOL,"GDP per capita, PPP (constant 2011 international $)",NY.GDP.PCAP.PP.KD,,5598.566773
Brazil,BRA,"GDP per capita, PPP (constant 2011 international $)",NY.GDP.PCAP.PP.KD,,14830.89956
Barbados,BRB,"GDP per capita, PPP (constant 2011 international $)",NY.GDP.PCAP.PP.KD,,15401.54965
Brunei Darussalam,BRN,"GDP per capita, PPP (constant 2011 international $)",NY.GDP.PCAP.PP.KD,,73265.12163
Bhutan,BTN,"GDP per capita, PPP (constant 2011 international $)",NY.GDP.PCAP.PP.KD,,6882.688407
Botswana,BWA,"GDP per capita, PPP (constant 2011 international $)",NY.GDP.PCAP.PP.KD,,13634.26789
Central African Republic,CAF,"GDP per capita, PPP (constant 2011 international $)",NY.GDP.PCAP.PP.KD,,893.6794586
Canada,CAN,"GDP per capita, PPP (constant 2011 international $)",NY.GDP.PCAP.PP.KD,,41567.43177
Central Europe and the Baltics,CEB,"GDP per capita, PPP (constant 2011 international $)",NY.GDP.PCAP.PP.KD,,21839.73015
Switzerland,CHE,"GDP per capita, PPP (constant 2011 international $)",NY.GDP.PCAP.PP.KD,,54550.68937
Channel Islands,CHI,"GDP per capita, PPP (constant 2011 international $)",NY.GDP.PCAP.PP.KD,,
Chile,CHL,"GDP per capita, PPP (constant 2011 international $)",NY.GDP.PCAP.PP.KD,,20266.03603
China,CHN,"GDP per capita, PPP (constant 2011 international $)",NY.GDP.PCAP.PP.KD,,10274.49435
Cote d'Ivoire,CIV,"GDP per capita, PPP (constant 2011 international $)",NY.GDP.PCAP.PP.KD,,2546.906812
Cameroon,CMR,"GDP per capita, PPP (constant 2011 international $)",NY.GDP.PCAP.PP.KD,,2614.495561
"Congo, Rep.",COG,"GDP per capita, PPP (constant 2011 international $)",NY.GDP.PCAP.PP.KD,,5632.435875
Colombia,COL,"GDP per capita, PPP (constant 2011 international $)",NY.GDP.PCAP.PP.KD,,11496.52725
Comoros,COM,"GDP per capita, PPP (constant 2011 international $)",NY.GDP.PCAP.PP.KD,,1347.797753
Cabo Verde,CPV,"GDP per capita, PPP (constant 2011 international $)",NY.GDP.PCAP.PP.KD,,6147.974534
Costa Rica,CRI,"GDP per capita, PPP (constant 2011 international $)",NY.GDP.PCAP.PP.KD,,13072.14256
Caribbean small states,CSS,"GDP per capita, PPP (constant 2011 international $)",NY.GDP.PCAP.PP.KD,,14221.76962
Cuba,CUB,"GDP per capita, PPP (constant 2011 international $)",NY.GDP.PCAP.PP.KD,,18924.76327
Curacao,CUW,"GDP per capita, PPP (constant 2011 international $)",NY.GDP.PCAP.PP.KD,,
Cayman Islands,CYM,"GDP per capita, PPP (constant 2011 international $)",NY.GDP.PCAP.PP.KD,,49902.14655
Cyprus,CYP,"GDP per capita, PPP (constant 2011 international $)",NY.GDP.PCAP.PP.KD,,32983.11391
Czech Republic,CZE,"GDP per capita, PPP (constant 2011 international $)",NY.GDP.PCAP.PP.KD,,28604.21266
Germany,DEU,"GDP per capita, PPP (constant 2011 international $)",NY.GDP.PCAP.PP.KD,,42142.5489
Djibouti,DJI,"GDP per capita, PPP (constant 2011 international $)",NY.GDP.PCAP.PP.KD,,2782.971292
Dominica,DMA,"GDP per capita, PPP (constant 2011 international $)",NY.GDP.PCAP.PP.KD,,10189.39821
Denmark,DNK,"GDP per capita, PPP (constant 2011 international $)",NY.GDP.PCAP.PP.KD,,43314.05636
Dominican Republic,DOM,"GDP per capita, PPP (constant 2011 international $)",NY.GDP.PCAP.PP.KD,,11375.62039
Algeria,DZA,"GDP per capita, PPP (constant 2011 international $)",NY.GDP.PCAP.PP.KD,,13026.19166
East Asia & Pacific (developing only),EAP,"GDP per capita, PPP (constant 2011 international $)",NY.GDP.PCAP.PP.KD,,9485.823983
East Asia & Pacific (all income levels),EAS,"GDP per capita, PPP (constant 2011 international $)",NY.GDP.PCAP.PP.KD,,12398.90926
Europe & Central Asia (developing only),ECA,"GDP per capita, PPP (constant 2011 international $)",NY.GDP.PCAP.PP.KD,,12708.4346
Europe & Central Asia (all income levels),ECS,"GDP per capita, PPP (constant 2011 international $)",NY.GDP.PCAP.PP.KD,,27208.08688
Ecuador,ECU,"GDP per capita, PPP (constant 2011 international $)",NY.GDP.PCAP.PP.KD,,9926.952496
Kuwait,KWT,"GDP per capita, PPP (constant 2011 international $)",NY.GDP.PCAP.PP.KD,2011,76308.59071
Euro area,EMU,"GDP per capita, PPP (constant 2011 international $)",NY.GDP.PCAP.PP.KD,,37277.8422
Eritrea,ERI,"GDP per capita, PPP (constant 2011 international $)",NY.GDP.PCAP.PP.KD,,1411.157638
Spain,ESP,"GDP per capita, PPP (constant 2011 international $)",NY.GDP.PCAP.PP.KD,,32530.09314
Estonia,EST,"GDP per capita, PPP (constant 2011 international $)",NY.GDP.PCAP.PP.KD,,23954.86597
Ethiopia,ETH,"GDP per capita, PPP (constant 2011 international $)",NY.GDP.PCAP.PP.KD,,1165.216838
European Union,EUU,"GDP per capita, PPP (constant 2011 international $)",NY.GDP.PCAP.PP.KD,,34558.08111
Fragile and conflict affected situations,FCS,"GDP per capita, PPP (constant 2011 international $)",NY.GDP.PCAP.PP.KD,,3205.879843
Finland,FIN,"GDP per capita, PPP (constant 2011 international $)",NY.GDP.PCAP.PP.KD,,40251.37351
Fiji,FJI,"GDP per capita, PPP (constant 2011 international $)",NY.GDP.PCAP.PP.KD,,7486.761437
France,FRA,"GDP per capita, PPP (constant 2011 international $)",NY.GDP.PCAP.PP.KD,,37325.30434
Faeroe Islands,FRO,"GDP per capita, PPP (constant 2011 international $)",NY.GDP.PCAP.PP.KD,,
"Micronesia, Fed. Sts.",FSM,"GDP per capita, PPP (constant 2011 international $)",NY.GDP.PCAP.PP.KD,,3410.284084
Gabon,GAB,"GDP per capita, PPP (constant 2011 international $)",NY.GDP.PCAP.PP.KD,,17100.70052
United Kingdom,GBR,"GDP per capita, PPP (constant 2011 international $)",NY.GDP.PCAP.PP.KD,,36590.15937
Georgia,GEO,"GDP per capita, PPP (constant 2011 international $)",NY.GDP.PCAP.PP.KD,,6322.499298
Ghana,GHA,"GDP per capita, PPP (constant 2011 international $)",NY.GDP.PCAP.PP.KD,,3430.857389
Guinea,GIN,"GDP per capita, PPP (constant 2011 international $)",NY.GDP.PCAP.PP.KD,,1183.855846
"Gambia, The",GMB,"GDP per capita, PPP (constant 2011 international $)",NY.GDP.PCAP.PP.KD,,1532.494002
Guinea-Bissau,GNB,"GDP per capita, PPP (constant 2011 international $)",NY.GDP.PCAP.PP.KD,,1413.946945
Equatorial Guinea,GNQ,"GDP per capita, PPP (constant 2011 international $)",NY.GDP.PCAP.PP.KD,,36754.81047
Greece,GRC,"GDP per capita, PPP (constant 2011 international $)",NY.GDP.PCAP.PP.KD,,26582.62047
Grenada,GRD,"GDP per capita, PPP (constant 2011 international $)",NY.GDP.PCAP.PP.KD,,11221.36239
Greenland,GRL,"GDP per capita, PPP (constant 2011 international $)",NY.GDP.PCAP.PP.KD,,
Guatemala,GTM,"GDP per capita, PPP (constant 2011 international $)",NY.GDP.PCAP.PP.KD,,6798.843188
Guam,GUM,"GDP per capita, PPP (constant 2011 international $)",NY.GDP.PCAP.PP.KD,,
Guyana,GUY,"GDP per capita, PPP (constant 2011 international $)",NY.GDP.PCAP.PP.KD,,6077.174477
High income,HIC,"GDP per capita, PPP (constant 2011 international $)",NY.GDP.PCAP.PP.KD,,37493.23583
"Hong Kong SAR, China",HKG,"GDP per capita, PPP (constant 2011 international $)",NY.GDP.PCAP.PP.KD,,50085.95933
Honduras,HND,"GDP per capita, PPP (constant 2011 international $)",NY.GDP.PCAP.PP.KD,,4433.71931
Heavily indebted poor countries (HIPC),HPC,"GDP per capita, PPP (constant 2011 international $)",NY.GDP.PCAP.PP.KD,,1843.919244
Croatia,HRV,"GDP per capita, PPP (constant 2011 international $)",NY.GDP.PCAP.PP.KD,,20571.24751
Haiti,HTI,"GDP per capita, PPP (constant 2011 international $)",NY.GDP.PCAP.PP.KD,,1562.304129
Hungary,HUN,"GDP per capita, PPP (constant 2011 international $)",NY.GDP.PCAP.PP.KD,,22603.20272
Indonesia,IDN,"GDP per capita, PPP (constant 2011 international $)",NY.GDP.PCAP.PP.KD,,8870.284189
Isle of Man,IMN,"GDP per capita, PPP (constant 2011 international $)",NY.GDP.PCAP.PP.KD,,
India,IND,"GDP per capita, PPP (constant 2011 international $)",NY.GDP.PCAP.PP.KD,,4685.863732
Not classified,INX,"GDP per capita, PPP (constant 2011 international $)",NY.GDP.PCAP.PP.KD,,
Ireland,IRL,"GDP per capita, PPP (constant 2011 international $)",NY.GDP.PCAP.PP.KD,,45673.5345
United Arab Emirates,ARE,"GDP per capita, PPP (constant 2011 international $)",NY.GDP.PCAP.PP.KD,2011,57594.12668
Iceland,ISL,"GDP per capita, PPP (constant 2011 international $)",NY.GDP.PCAP.PP.KD,,39557.93565
Israel,ISR,"GDP per capita, PPP (constant 2011 international $)",NY.GDP.PCAP.PP.KD,,30574.25236
Italy,ITA,"GDP per capita, PPP (constant 2011 international $)",NY.GDP.PCAP.PP.KD,,35901.25988
Jamaica,JAM,"GDP per capita, PPP (constant 2011 international $)",NY.GDP.PCAP.PP.KD,,8481.245974
Saudi Arabia,SAU,"GDP per capita, PPP (constant 2011 international $)",NY.GDP.PCAP.PP.KD,2011,47474.04338
Japan,JPN,"GDP per capita, PPP (constant 2011 international $)",NY.GDP.PCAP.PP.KD,,34315.79841
Kazakhstan,KAZ,"GDP per capita, PPP (constant 2011 international $)",NY.GDP.PCAP.PP.KD,,20772.06612
Kenya,KEN,"GDP per capita, PPP (constant 2011 international $)",NY.GDP.PCAP.PP.KD,,2622.730169
Kyrgyz Republic,KGZ,"GDP per capita, PPP (constant 2011 international $)",NY.GDP.PCAP.PP.KD,,2920.60321
Cambodia,KHM,"GDP per capita, PPP (constant 2011 international $)",NY.GDP.PCAP.PP.KD,,2648.650018
Kiribati,KIR,"GDP per capita, PPP (constant 2011 international $)",NY.GDP.PCAP.PP.KD,,1659.293952
St. Kitts and Nevis,KNA,"GDP per capita, PPP (constant 2011 international $)",NY.GDP.PCAP.PP.KD,,20571.9698
"Korea, Rep.",KOR,"GDP per capita, PPP (constant 2011 international $)",NY.GDP.PCAP.PP.KD,,31327.1269
Kosovo,KSV,"GDP per capita, PPP (constant 2011 international $)",NY.GDP.PCAP.PP.KD,,8222.594135
Oman,OMN,"GDP per capita, PPP (constant 2011 international $)",NY.GDP.PCAP.PP.KD,2011,42479.20132
Latin America & Caribbean (developing only),LAC,"GDP per capita, PPP (constant 2011 international $)",NY.GDP.PCAP.PP.KD,,13154.85114
Lao PDR,LAO,"GDP per capita, PPP (constant 2011 international $)",NY.GDP.PCAP.PP.KD,,4233.381248
Turkey,TUR,"GDP per capita, PPP (constant 2011 international $)",NY.GDP.PCAP.PP.KD,2011,17873.69844
Liberia,LBR,"GDP per capita, PPP (constant 2011 international $)",NY.GDP.PCAP.PP.KD,,732.6330069
Lebanon,LBN,"GDP per capita, PPP (constant 2011 international $)",NY.GDP.PCAP.PP.KD,2011,16409.25831
St. Lucia,LCA,"GDP per capita, PPP (constant 2011 international $)",NY.GDP.PCAP.PP.KD,,10538.22527
Latin America & Caribbean (all income levels),LCN,"GDP per capita, PPP (constant 2011 international $)",NY.GDP.PCAP.PP.KD,,14324.74195
Least developed countries: UN classification,LDC,"GDP per capita, PPP (constant 2011 international $)",NY.GDP.PCAP.PP.KD,,1959.175532
Low income,LIC,"GDP per capita, PPP (constant 2011 international $)",NY.GDP.PCAP.PP.KD,,1403.58239
Liechtenstein,LIE,"GDP per capita, PPP (constant 2011 international $)",NY.GDP.PCAP.PP.KD,,
Sri Lanka,LKA,"GDP per capita, PPP (constant 2011 international $)",NY.GDP.PCAP.PP.KD,,8949.312519
Lower middle income,LMC,"GDP per capita, PPP (constant 2011 international $)",NY.GDP.PCAP.PP.KD,,5136.649955
Low & middle income,LMY,"GDP per capita, PPP (constant 2011 international $)",NY.GDP.PCAP.PP.KD,,7587.286165
Lesotho,LSO,"GDP per capita, PPP (constant 2011 international $)",NY.GDP.PCAP.PP.KD,,2297.389548
Lithuania,LTU,"GDP per capita, PPP (constant 2011 international $)",NY.GDP.PCAP.PP.KD,,22541.69364
Luxembourg,LUX,"GDP per capita, PPP (constant 2011 international $)",NY.GDP.PCAP.PP.KD,,91073.32208
Latvia,LVA,"GDP per capita, PPP (constant 2011 international $)",NY.GDP.PCAP.PP.KD,,19450.99843
"Macao SAR, China",MAC,"GDP per capita, PPP (constant 2011 international $)",NY.GDP.PCAP.PP.KD,,117101.0242
St. Martin (French part),MAF,"GDP per capita, PPP (constant 2011 international $)",NY.GDP.PCAP.PP.KD,,
Libya,LBY,"GDP per capita, PPP (constant 2011 international $)",NY.GDP.PCAP.PP.KD,2011,11023.43714
Monaco,MCO,"GDP per capita, PPP (constant 2011 international $)",NY.GDP.PCAP.PP.KD,,
Moldova,MDA,"GDP per capita, PPP (constant 2011 international $)",NY.GDP.PCAP.PP.KD,,4179.214809
Madagascar,MDG,"GDP per capita, PPP (constant 2011 international $)",NY.GDP.PCAP.PP.KD,,1371.648575
Maldives,MDV,"GDP per capita, PPP (constant 2011 international $)",NY.GDP.PCAP.PP.KD,,11126.9456
Middle East & North Africa (all income levels),MEA,"GDP per capita, PPP (constant 2011 international $)",NY.GDP.PCAP.PP.KD,,17017.29806
Mexico,MEX,"GDP per capita, PPP (constant 2011 international $)",NY.GDP.PCAP.PP.KD,,15729.6434
Marshall Islands,MHL,"GDP per capita, PPP (constant 2011 international $)",NY.GDP.PCAP.PP.KD,,3505.269694
Middle income,MIC,"GDP per capita, PPP (constant 2011 international $)",NY.GDP.PCAP.PP.KD,,8290.133283
"Macedonia, FYR",MKD,"GDP per capita, PPP (constant 2011 international $)",NY.GDP.PCAP.PP.KD,,11641.24517
Mali,MLI,"GDP per capita, PPP (constant 2011 international $)",NY.GDP.PCAP.PP.KD,,1528.400301
Malta,MLT,"GDP per capita, PPP (constant 2011 international $)",NY.GDP.PCAP.PP.KD,,28177.54023
Myanmar,MMR,"GDP per capita, PPP (constant 2011 international $)",NY.GDP.PCAP.PP.KD,,
Middle East & North Africa (developing only),MNA,"GDP per capita, PPP (constant 2011 international $)",NY.GDP.PCAP.PP.KD,,11621.18887
Montenegro,MNE,"GDP per capita, PPP (constant 2011 international $)",NY.GDP.PCAP.PP.KD,,14215.54372
Mongolia,MNG,"GDP per capita, PPP (constant 2011 international $)",NY.GDP.PCAP.PP.KD,,8889.345538
Northern Mariana Islands,MNP,"GDP per capita, PPP (constant 2011 international $)",NY.GDP.PCAP.PP.KD,,
Mozambique,MOZ,"GDP per capita, PPP (constant 2011 international $)",NY.GDP.PCAP.PP.KD,,951.8253639
Mauritania,MRT,"GDP per capita, PPP (constant 2011 international $)",NY.GDP.PCAP.PP.KD,,3375.046539
Mauritius,MUS,"GDP per capita, PPP (constant 2011 international $)",NY.GDP.PCAP.PP.KD,,16179.29153
Malawi,MWI,"GDP per capita, PPP (constant 2011 international $)",NY.GDP.PCAP.PP.KD,,758.5815996
Malaysia,MYS,"GDP per capita, PPP (constant 2011 international $)",NY.GDP.PCAP.PP.KD,,21866.34075
North America,NAC,"GDP per capita, PPP (constant 2011 international $)",NY.GDP.PCAP.PP.KD,,48967.34558
Namibia,NAM,"GDP per capita, PPP (constant 2011 international $)",NY.GDP.PCAP.PP.KD,,8625.717922
New Caledonia,NCL,"GDP per capita, PPP (constant 2011 international $)",NY.GDP.PCAP.PP.KD,,
Niger,NER,"GDP per capita, PPP (constant 2011 international $)",NY.GDP.PCAP.PP.KD,,807.1930209
Nigeria,NGA,"GDP per capita, PPP (constant 2011 international $)",NY.GDP.PCAP.PP.KD,,5230.598854
Nicaragua,NIC,"GDP per capita, PPP (constant 2011 international $)",NY.GDP.PCAP.PP.KD,,4223.427239
Netherlands,NLD,"GDP per capita, PPP (constant 2011 international $)",NY.GDP.PCAP.PP.KD,,46388.29359
High income: nonOECD,NOC,"GDP per capita, PPP (constant 2011 international $)",NY.GDP.PCAP.PP.KD,,30130.32249
Norway,NOR,"GDP per capita, PPP (constant 2011 international $)",NY.GDP.PCAP.PP.KD,,62736.68047
Nepal,NPL,"GDP per capita, PPP (constant 2011 international $)",NY.GDP.PCAP.PP.KD,,2042.140687
New Zealand,NZL,"GDP per capita, PPP (constant 2011 international $)",NY.GDP.PCAP.PP.KD,,32283.02948
High income: OECD,OEC,"GDP per capita, PPP (constant 2011 international $)",NY.GDP.PCAP.PP.KD,,39852.19951
OECD members,OED,"GDP per capita, PPP (constant 2011 international $)",NY.GDP.PCAP.PP.KD,,36240.16525
Iraq,IRQ,"GDP per capita, PPP (constant 2011 international $)",NY.GDP.PCAP.PP.KD,2011,13226.94139
Other small states,OSS,"GDP per capita, PPP (constant 2011 international $)",NY.GDP.PCAP.PP.KD,,8644.913329
Pakistan,PAK,"GDP per capita, PPP (constant 2011 international $)",NY.GDP.PCAP.PP.KD,,4322.534383
Panama,PAN,"GDP per capita, PPP (constant 2011 international $)",NY.GDP.PCAP.PP.KD,,16511.05477
Peru,PER,"GDP per capita, PPP (constant 2011 international $)",NY.GDP.PCAP.PP.KD,,10378.57187
Philippines,PHL,"GDP per capita, PPP (constant 2011 international $)",NY.GDP.PCAP.PP.KD,,5754.112442
Palau,PLW,"GDP per capita, PPP (constant 2011 international $)",NY.GDP.PCAP.PP.KD,,13033.65817
Papua New Guinea,PNG,"GDP per capita, PPP (constant 2011 international $)",NY.GDP.PCAP.PP.KD,,2345.065877
Poland,POL,"GDP per capita, PPP (constant 2011 international $)",NY.GDP.PCAP.PP.KD,,22520.0128
Puerto Rico,PRI,"GDP per capita, PPP (constant 2011 international $)",NY.GDP.PCAP.PP.KD,,34121.07729
"Korea, Dem. Rep.",PRK,"GDP per capita, PPP (constant 2011 international $)",NY.GDP.PCAP.PP.KD,,
Portugal,PRT,"GDP per capita, PPP (constant 2011 international $)",NY.GDP.PCAP.PP.KD,,26932.40813
Paraguay,PRY,"GDP per capita, PPP (constant 2011 international $)",NY.GDP.PCAP.PP.KD,,7504.677492
Pacific island small states,PSS,"GDP per capita, PPP (constant 2011 international $)",NY.GDP.PCAP.PP.KD,,4871.706171
French Polynesia,PYF,"GDP per capita, PPP (constant 2011 international $)",NY.GDP.PCAP.PP.KD,,
Jordan,JOR,"GDP per capita, PPP (constant 2011 international $)",NY.GDP.PCAP.PP.KD,2011,11292.20029
Romania,ROU,"GDP per capita, PPP (constant 2011 international $)",NY.GDP.PCAP.PP.KD,,17624.5218
Russian Federation,RUS,"GDP per capita, PPP (constant 2011 international $)",NY.GDP.PCAP.PP.KD,,22569.81427
Rwanda,RWA,"GDP per capita, PPP (constant 2011 international $)",NY.GDP.PCAP.PP.KD,,1397.224691
South Asia,SAS,"GDP per capita, PPP (constant 2011 international $)",NY.GDP.PCAP.PP.KD,,4413.090944
Tunisia,TUN,"GDP per capita, PPP (constant 2011 international $)",NY.GDP.PCAP.PP.KD,2011,10218.57874
Sudan,SDN,"GDP per capita, PPP (constant 2011 international $)",NY.GDP.PCAP.PP.KD,,3478.252239
Senegal,SEN,"GDP per capita, PPP (constant 2011 international $)",NY.GDP.PCAP.PP.KD,,2159.022888
Singapore,SGP,"GDP per capita, PPP (constant 2011 international $)",NY.GDP.PCAP.PP.KD,,74949.06837
Solomon Islands,SLB,"GDP per capita, PPP (constant 2011 international $)",NY.GDP.PCAP.PP.KD,,1976.4069
Sierra Leone,SLE,"GDP per capita, PPP (constant 2011 international $)",NY.GDP.PCAP.PP.KD,,1374.579145
El Salvador,SLV,"GDP per capita, PPP (constant 2011 international $)",NY.GDP.PCAP.PP.KD,,7596.509131
San Marino,SMR,"GDP per capita, PPP (constant 2011 international $)",NY.GDP.PCAP.PP.KD,,
Somalia,SOM,"GDP per capita, PPP (constant 2011 international $)",NY.GDP.PCAP.PP.KD,,
Serbia,SRB,"GDP per capita, PPP (constant 2011 international $)",NY.GDP.PCAP.PP.KD,,12571.89036
Sub-Saharan Africa (developing only),SSA,"GDP per capita, PPP (constant 2011 international $)",NY.GDP.PCAP.PP.KD,,3160.078936
South Sudan,SSD,"GDP per capita, PPP (constant 2011 international $)",NY.GDP.PCAP.PP.KD,,3461.751039
Sub-Saharan Africa (all income levels),SSF,"GDP per capita, PPP (constant 2011 international $)",NY.GDP.PCAP.PP.KD,,3190.593713
Small states,SST,"GDP per capita, PPP (constant 2011 international $)",NY.GDP.PCAP.PP.KD,,9685.738946
Sao Tome and Principe,STP,"GDP per capita, PPP (constant 2011 international $)",NY.GDP.PCAP.PP.KD,,2839.895903
Suriname,SUR,"GDP per capita, PPP (constant 2011 international $)",NY.GDP.PCAP.PP.KD,,15119.74355
Slovak Republic,SVK,"GDP per capita, PPP (constant 2011 international $)",NY.GDP.PCAP.PP.KD,,25167.45953
Slovenia,SVN,"GDP per capita, PPP (constant 2011 international $)",NY.GDP.PCAP.PP.KD,,28513.47483
Sweden,SWE,"GDP per capita, PPP (constant 2011 international $)",NY.GDP.PCAP.PP.KD,,43709.21145
Swaziland,SWZ,"GDP per capita, PPP (constant 2011 international $)",NY.GDP.PCAP.PP.KD,,7620.196615
Sint Maarten (Dutch part),SXM,"GDP per capita, PPP (constant 2011 international $)",NY.GDP.PCAP.PP.KD,,36327.2319
Seychelles,SYC,"GDP per capita, PPP (constant 2011 international $)",NY.GDP.PCAP.PP.KD,,22556.41933
Syrian Arab Republic,SYR,"GDP per capita, PPP (constant 2011 international $)",NY.GDP.PCAP.PP.KD,,
Turks and Caicos Islands,TCA,"GDP per capita, PPP (constant 2011 international $)",NY.GDP.PCAP.PP.KD,,
Chad,TCD,"GDP per capita, PPP (constant 2011 international $)",NY.GDP.PCAP.PP.KD,,1862.351166
Togo,TGO,"GDP per capita, PPP (constant 2011 international $)",NY.GDP.PCAP.PP.KD,,1255.087825
Thailand,THA,"GDP per capita, PPP (constant 2011 international $)",NY.GDP.PCAP.PP.KD,,13654.27246
Tajikistan,TJK,"GDP per capita, PPP (constant 2011 international $)",NY.GDP.PCAP.PP.KD,,2229.445742
Turkmenistan,TKM,"GDP per capita, PPP (constant 2011 international $)",NY.GDP.PCAP.PP.KD,,11360.50215
Timor-Leste,TLS,"GDP per capita, PPP (constant 2011 international $)",NY.GDP.PCAP.PP.KD,,1965.522007
Tonga,TON,"GDP per capita, PPP (constant 2011 international $)",NY.GDP.PCAP.PP.KD,,5030.652213
Trinidad and Tobago,TTO,"GDP per capita, PPP (constant 2011 international $)",NY.GDP.PCAP.PP.KD,,29765.03096
"Egypt, Arab Rep.",EGY,"GDP per capita, PPP (constant 2011 international $)",NY.GDP.PCAP.PP.KD,2011,10071.20526
Morocco,MAR,"GDP per capita, PPP (constant 2011 international $)",NY.GDP.PCAP.PP.KD,2011,6746.899456
Tuvalu,TUV,"GDP per capita, PPP (constant 2011 international $)",NY.GDP.PCAP.PP.KD,,3488.248359
Tanzania,TZA,"GDP per capita, PPP (constant 2011 international $)",NY.GDP.PCAP.PP.KD,,2206.910779
Uganda,UGA,"GDP per capita, PPP (constant 2011 international $)",NY.GDP.PCAP.PP.KD,,1648.531066
Ukraine,UKR,"GDP per capita, PPP (constant 2011 international $)",NY.GDP.PCAP.PP.KD,,8281.867126
Upper middle income,UMC,"GDP per capita, PPP (constant 2011 international $)",NY.GDP.PCAP.PP.KD,,12077.2917
Uruguay,URY,"GDP per capita, PPP (constant 2011 international $)",NY.GDP.PCAP.PP.KD,,17904.81986
United States,USA,"GDP per capita, PPP (constant 2011 international $)",NY.GDP.PCAP.PP.KD,,49781.35749
Uzbekistan,UZB,"GDP per capita, PPP (constant 2011 international $)",NY.GDP.PCAP.PP.KD,,4412.474193
St. Vincent and the Grenadines,VCT,"GDP per capita, PPP (constant 2011 international $)",NY.GDP.PCAP.PP.KD,,9871.64874
"Venezuela, RB",VEN,"GDP per capita, PPP (constant 2011 international $)",NY.GDP.PCAP.PP.KD,,17001.91324
Virgin Islands (U.S.),VIR,"GDP per capita, PPP (constant 2011 international $)",NY.GDP.PCAP.PP.KD,,
Vietnam,VNM,"GDP per capita, PPP (constant 2011 international $)",NY.GDP.PCAP.PP.KD,,4716.9762
Vanuatu,VUT,"GDP per capita, PPP (constant 2011 international $)",NY.GDP.PCAP.PP.KD,,2915.239621
West Bank and Gaza,PSE,"GDP per capita, PPP (constant 2011 international $)",NY.GDP.PCAP.PP.KD,,4358.655078
World,WLD,"GDP per capita, PPP (constant 2011 international $)",NY.GDP.PCAP.PP.KD,,13430.45475
Samoa,WSM,"GDP per capita, PPP (constant 2011 international $)",NY.GDP.PCAP.PP.KD,,5671.137156
"Yemen, Rep.",YEM,"GDP per capita, PPP (constant 2011 international $)",NY.GDP.PCAP.PP.KD,2011,3616.243909
South Africa,ZAF,"GDP per capita, PPP (constant 2011 international $)",NY.GDP.PCAP.PP.KD,,12290.89436
"Congo, Dem. Rep.",COD,"GDP per capita, PPP (constant 2011 international $)",NY.GDP.PCAP.PP.KD,,617.1479614
Zambia,ZMB,"GDP per capita, PPP (constant 2011 international $)",NY.GDP.PCAP.PP.KD,,3381.356194
Zimbabwe,ZWE,"GDP per capita, PPP (constant 2011 international $)",NY.GDP.PCAP.PP.KD,,1523.621784
Qatar,QAT,"GDP per capita, PPP (constant 2011 international $)",NY.GDP.PCAP.PP.KD,2012,132972.3057
Kuwait,KWT,"GDP per capita, PPP (constant 2011 international $)",NY.GDP.PCAP.PP.KD,2012,77072.67843
United Arab Emirates,ARE,"GDP per capita, PPP (constant 2011 international $)",NY.GDP.PCAP.PP.KD,2012,60066.53823
Saudi Arabia,SAU,"GDP per capita, PPP (constant 2011 international $)",NY.GDP.PCAP.PP.KD,2012,48830.04296
Oman,OMN,"GDP per capita, PPP (constant 2011 international $)",NY.GDP.PCAP.PP.KD,2012,41186.32585
Turkey,TUR,"GDP per capita, PPP (constant 2011 international $)",NY.GDP.PCAP.PP.KD,2012,18032.27298
Lebanon,LBN,"GDP per capita, PPP (constant 2011 international $)",NY.GDP.PCAP.PP.KD,2012,16573.54206
Libya,LBY,"GDP per capita, PPP (constant 2011 international $)",NY.GDP.PCAP.PP.KD,2012,22560.30322
Iraq,IRQ,"GDP per capita, PPP (constant 2011 international $)",NY.GDP.PCAP.PP.KD,2012,14624.00907
Jordan,JOR,"GDP per capita, PPP (constant 2011 international $)",NY.GDP.PCAP.PP.KD,2012,11340.22677
Tunisia,TUN,"GDP per capita, PPP (constant 2011 international $)",NY.GDP.PCAP.PP.KD,2012,10534.56252
"Egypt, Arab Rep.",EGY,"GDP per capita, PPP (constant 2011 international $)",NY.GDP.PCAP.PP.KD,2012,10066.88203
Morocco,MAR,"GDP per capita, PPP (constant 2011 international $)",NY.GDP.PCAP.PP.KD,2012,6853.649773
"Yemen, Rep.",YEM,"GDP per capita, PPP (constant 2011 international $)",NY.GDP.PCAP.PP.KD,2012,3609.08222
Qatar,QAT,"GDP per capita, PPP (constant 2011 international $)",NY.GDP.PCAP.PP.KD,2013,133395.3611
Kuwait,KWT,"GDP per capita, PPP (constant 2011 international $)",NY.GDP.PCAP.PP.KD,2013,74181.33029
United Arab Emirates,ARE,"GDP per capita, PPP (constant 2011 international $)",NY.GDP.PCAP.PP.KD,2013,62056.15141
Saudi Arabia,SAU,"GDP per capita, PPP (constant 2011 international $)",NY.GDP.PCAP.PP.KD,2013,48963.4548
Oman,OMN,"GDP per capita, PPP (constant 2011 international $)",NY.GDP.PCAP.PP.KD,2013,38835.43368
Turkey,TUR,"GDP per capita, PPP (constant 2011 international $)",NY.GDP.PCAP.PP.KD,2013,18560.10706
Lebanon,LBN,"GDP per capita, PPP (constant 2011 international $)",NY.GDP.PCAP.PP.KD,2013,16526.53929
Libya,LBY,"GDP per capita, PPP (constant 2011 international $)",NY.GDP.PCAP.PP.KD,2013,19557.05031
Iraq,IRQ,"GDP per capita, PPP (constant 2011 international $)",NY.GDP.PCAP.PP.KD,2013,15123.58085
Jordan,JOR,"GDP per capita, PPP (constant 2011 international $)",NY.GDP.PCAP.PP.KD,2013,11404.73886
Tunisia,TUN,"GDP per capita, PPP (constant 2011 international $)",NY.GDP.PCAP.PP.KD,2013,10730.89109
"Egypt, Arab Rep.",EGY,"GDP per capita, PPP (constant 2011 international $)",NY.GDP.PCAP.PP.KD,2013,10050.07183
Morocco,MAR,"GDP per capita, PPP (constant 2011 international $)",NY.GDP.PCAP.PP.KD,2013,7076.13097
"Yemen, Rep.",YEM,"GDP per capita, PPP (constant 2011 international $)",NY.GDP.PCAP.PP.KD,2013,3663.307829
Qatar,QAT,"GDP per capita, PPP (constant 2011 international $)",NY.GDP.PCAP.PP.KD,2014,134182.4147
Kuwait,KWT,"GDP per capita, PPP (constant 2011 international $)",NY.GDP.PCAP.PP.KD,2014,69877.98654
United Arab Emirates,ARE,"GDP per capita, PPP (constant 2011 international $)",NY.GDP.PCAP.PP.KD,2014,64562.62007
Saudi Arabia,SAU,"GDP per capita, PPP (constant 2011 international $)",NY.GDP.PCAP.PP.KD,2014,49536.98788
Oman,OMN,"GDP per capita, PPP (constant 2011 international $)",NY.GDP.PCAP.PP.KD,2014,36854.53292
Turkey,TUR,"GDP per capita, PPP (constant 2011 international $)",NY.GDP.PCAP.PP.KD,2014,18869.00693
Lebanon,LBN,"GDP per capita, PPP (constant 2011 international $)",NY.GDP.PCAP.PP.KD,2014,16659.32796
Libya,LBY,"GDP per capita, PPP (constant 2011 international $)",NY.GDP.PCAP.PP.KD,2014,14879.98843
Iraq,IRQ,"GDP per capita, PPP (constant 2011 international $)",NY.GDP.PCAP.PP.KD,2014,14364.83649
Jordan,JOR,"GDP per capita, PPP (constant 2011 international $)",NY.GDP.PCAP.PP.KD,2014,11496.26493
Tunisia,TUN,"GDP per capita, PPP (constant 2011 international $)",NY.GDP.PCAP.PP.KD,2014,10909.84197
"Egypt, Arab Rep.",EGY,"GDP per capita, PPP (constant 2011 international $)",NY.GDP.PCAP.PP.KD,2014,10045.77995
Morocco,MAR,"GDP per capita, PPP (constant 2011 international $)",NY.GDP.PCAP.PP.KD,2014,7146.28198
"Yemen, Rep.",YEM,"GDP per capita, PPP (constant 2011 international $)",NY.GDP.PCAP.PP.KD,2014,3663.307829